Metric,25th Percentile,50th Percentile,75th Percentile
Name Lookup Time,-0.0026842499999999996,0.00023099999999999998,0.00576375
Connect Time,0.00789775,0.0170485,0.02867975
App Connect Time,-0.00572725,0.0001004999999999999,0.008225499999999998
Pre-Transfer Time,-0.0073055,-0.0013230000000000013,0.006483000000000001
Redirect Time,0.0,0.0,0.0
Start Transfer Time,-0.012942999999999998,0.0010440000000000033,0.021438749999999996
Total Time,-0.018118750000000017,-0.0008794999999999775,0.020109
